,id,year,first,second,third,first_origin,second_origin,third_origin,winning_team,age,first_chrono,winner_timedelta,first_seconds,second_seconds,third_seconds,average_speed,num_runners,total_length,num_stages,debut_date,end_date,first_mountain,first_mountain_origin,second_mountain,second_mountain_origin,third_mountain,third_mountain_origin,first_mountain_points,second_mountain_points,third_mountain_points,first_sprint,first_sprint_origin,second_sprint,second_sprint_origin,third_sprint,third_sprint_origin,first_sprint_points,second_sprint_points,third_sprint_points
0,1,1909,Luigi Ganna,Carlo Galetti,Giovanni Rossignoli,Italie,Italie,Italie,Atala,25,,,,,,27.26,127,2448,8,1909-05-13,1909-05-30,,,,,,,,,,,,,,,,,,
1,2,1910,Carlo Galetti,Eberardo Pavesi,Luigi Ganna,Italie,Italie,Italie,Atala,27,,,,,,26.113000000000003,101,2980,10,1910-05-18,1910-06-05,,,,,,,,,,,,,,,,,,
2,3,1911,Carlo Galetti,Giovanni Rossignoli,Giovanni Gerbi,Italie,Italie,Italie,Bianchi,28,,,,,,26.215999999999998,86,3530,12,1911-05-15,1911-06-06,,,,,,,,,,,,,,,,,,
3,4,1912,Carlo Galetti,,,Italie,,,Atala,29,100h 2min 57s,4 days 04:02:57,360177.0,,,27.323,54,2443,9,1912-05-19,1912-06-02,,,,,,,,,,,,,,,,,,
4,5,1913,Carlo Oriani,Eberardo Pavesi,Giuseppe Azzini,Italie,Italie,Italie,Maino,25,,,,,,26.379,99,2932,9,1913-05-06,1913-05-22,,,,,,,,,,,,,,,,,,
5,6,1914,Alfonso Calzolari,Pierino Albini,Luigi Lucotti,Italie,Italie,Italie,Stucchi,27,135h 17min 65s,5 days 15:18:05,487085.0,,,23.374000000000002,98,3160,8,1914-05-24,1914-06-07,,,,,,,,,,,,,,,,,,
6,7,1919,Costante Girardengo,Gaetano Belloni,Marcel Buysse,Italie,Italie,Belgique,Stucchi,26,112h 51min 29s,4 days 16:51:29,406289.0,,,26.44,63,3127,10,1919-05-21,1919-06-08,,,,,,,,,,,,,,,,,,
7,8,1920,Gaetano Belloni,Angelo Gremo,Jean Alavoine,Italie,Italie,France,Bianchi,27,102h 44min 33s,4 days 06:44:33,369873.0,,,25.64,49,2634,10,1920-05-23,1920-06-06,,,,,,,,,,,,,,,,,,
8,9,1921,Giovanni Brunero,Gaetano Belloni,Bartolomeo Aymo,Italie,Italie,Italie,Bianchi,25,120h 24min 39s,5 days 00:24:39,433479.0,,,25.592,69,3101,10,1921-05-25,1921-06-12,,,,,,,,,,,,,,,,,,
9,10,1922,Giovanni Brunero,Bartolomeo Aymo,Giuseppe Enrici,Italie,Italie,Italie,Legnano,26,119h 43min 00s,4 days 23:43:00,430980.0,,,25.855999999999998,75,3093,10,1922-05-24,1922-06-11,,,,,,,,,,,,,,,,,,
10,11,1923,Costante Girardengo,Giovanni Brunero,Bartolomeo Aymo,Italie,Italie,Italie,Legnano,30,122h 28min 17s,5 days 02:28:17,440897.0,,,25.895,96,3200,10,1923-05-23,1923-06-10,,,,,,,,,,,,,,,,,,
11,12,1924,Giuseppe Enrici,Federico Gay,Angiolo Gabrielli,Italie,Italie,Italie,,26,143h 43min 37s,5 days 23:43:37,517417.0,,,25.138,90,3613,12,1924-05-10,1924-06-01,,,,,,,,,,,,,,,,,,
12,13,1925,Alfredo Binda,Costante Girardengo,Giovanni Brunero,Italie,Italie,Italie,Legnano,22,137h 31min 13s,5 days 17:31:13,495073.0,,,25.6,126,3520,12,1925-05-16,1925-06-07,,,,,,,,,,,,,,,,,,
13,14,1926,Giovanni Brunero,Alfredo Binda,Arturo Bresciani,Italie,Italie,Italie,Legnano,30,137h 55min 59s,5 days 17:55:59,496559.0,,,25.113000000000003,203,3429,12,1926-05-15,1926-06-06,,,,,,,,,,,,,,,,,,
14,15,1927,Alfredo Binda,Giovanni Brunero,Antonio Negrini,Italie,Italie,Italie,Legnano,24,144h 15min 35s,6 days 00:15:35,519335.0,,,25.85,266,3758,15,1927-05-15,1927-06-06,,,,,,,,,,,,,,,,,,
15,16,1928,Alfredo Binda,Giuseppe Pancera,Bartolomeo Aymo,Italie,Italie,Italie,Legnano,25,114h 15min 19s,4 days 18:15:19,411319.0,,,26.75,298,3044,12,1928-05-12,1928-06-03,,,,,,,,,,,,,,,,,,
16,17,1929,Alfredo Binda,Domenico Piemontesi,Leonida Frascarelli,Italie,Italie,Italie,Legnano,26,107h 18min 24s,4 days 11:18:24,386304.0,,,27.29,166,2920,14,1929-05-19,1929-06-09,,,,,,,,,,,,,,,,,,
17,18,1930,Luigi Marchisio,Luigi Giacobbe,Allegro Grandi,Italie,Italie,Italie,Bianchi-Pirelli,21,115h 11min 55s,4 days 19:11:55,414715.0,,,26.88,115,3907,15,1930-05-17,1930-06-08,,,,,,,,,,,,,,,,,,
18,19,1931,Francesco Camusso,Luigi Giacobbe,Luigi Marchisio,Italie,Italie,Italie,Legnano,22,105h 50min 53s,4 days 09:50:53,381053.0,,,29.33,109,3012,12,1931-05-10,1931-05-31,,,,,,,,,,,,,,,,,,
19,20,1932,Antonio Pesenti,Jef Demuysere,Remo Bertoni,Italie,Belgique,Italie,Legnano,23,105h 50min 53s,4 days 09:50:53,381053.0,,,30.594,109,3235,13,1932-05-14,1932-06-05,,,,,,,,,,,,,,,,,,
20,21,1933,Alfredo Binda,Jef Demuysere,Domenico Piemontesi,Italie,Belgique,Italie,Legnano-Clément,30,111h 01min 52s,4 days 15:01:52,399712.0,,,30.043000000000003,97,3343,17,1933-05-06,1933-05-28,Alfredo Binda,Italie,Alfredo Bovet,Italie,Remo Bertoni,Italie,,,,,,,,,,,,
21,22,1934,Learco Guerra,Francesco Camusso,Giovanni Cazzulani,Italie,Italie,Italie,Gloria,31,121h 17min 17s,5 days 01:17:17,436637.0,,,30.548000000000002,105,3712,17,1934-05-19,1934-06-10,Remo Bertoni,Italie,Luigi Barral,Italie,Félicien Vervaecke,Belgique,,,,,,,,,,,,
22,23,1935,Vasco Bergamaschi,Giuseppe Martano,Giuseppe Olmo,Italie,Italie,Italie,Frejus,25,113h 22min 46s,4 days 17:22:46,408166.0,,,31.363000000000003,102,3577,18,1935-05-18,1935-06-09,Gino Bartali,Italie,Remo Bertoni,Italie,Mario Cipriani,Italie,,,,,,,,,,,,
23,24,1936,Gino Bartali,Giuseppe Olmo,Severino Canavesi,Italie,Italie,Italie,Legnano,26,120h 12min 30s,5 days 00:12:30,432750.0,,,31.279,89,3766,19,1936-05-16,1936-06-07,Gino Bartali,Italie,Severino Canavesi,Italie,Edoardo Molinar,Italie,,,,,,,,,,,,
24,25,1937,Gino Bartali,Giovanni Valetti,Enrico Mollo,Italie,Italie,Italie,Frejus,27,112h 25min 40s,4 days 16:25:40,404740.0,,,31.365,93,3840,19,1937-05-08,1937-05-30,Gino Bartali,Italie,Enrico Mollo,Italie,Luigi Barral,Italie,,,,,,,,,,,,
25,26,1938,Giovanni Valetti,Ezio Cecchi,Severino Canavesi,Italie,Italie,Italie,Gloria-Ambrosiana,24,112h 49min 28s,4 days 16:49:28,406168.0,,,33.272,94,3645,18,1938-05-07,1938-06-02,Giovanni Valetti,Italie,Giordano Cottur,Italie,Ezio Cecchi,Italie,,,,,,,,,,,,
26,27,1939,Giovanni Valetti,Gino Bartali,Mario Vicini,Italie,Italie,Italie,Frejus,25,88h 02min 00s,3 days 16:02:00,316920.0,,,34.15,89,3011,17,1939-04-28,1939-05-18,Gino Bartali,Italie,Giovanni Valetti,Italie,Michele Benente,Italie,,,,,,,,,,,,
27,28,1940,Fausto Coppi,Enrico Mollo,Giordano Cottur,Italie,Italie,Italie,Gloria,24,107h 31min 10s,4 days 11:31:10,387070.0,,,33.24,91,3574,20,1940-05-17,1940-06-09,Gino Bartali,Italie,Fausto Coppi,Italie,Enrico Molle,Italie,,,,,,,,,,,,
28,29,1946,Gino Bartali,Fausto Coppi,Vito Ortelli,Italie,Italie,Italie,Benotto,31,95h 32min 20s,3 days 23:32:20,343940.0,,,33.948,79,3039,17,1946-06-15,1946-07-07,Gino Bartali,Italie,Fausto Coppi,Italie,Vito Ortelli,Italie,,,,,,,,,,,,
29,30,1947,Fausto Coppi,Gino Bartali,Giulio Bresci,Italie,Italie,Italie,Welter,26,115h 55min 07s,4 days 19:55:07,417307.0,,,33.153,84,3843,19,1947-05-24,1947-06-15,Gino Bartali,Italie,Fausto Coppi,Italie,Giulio Besci,Italie,,,,,,,,,,,,
30,31,1948,Fiorenzo Magni,Ezio Cecchi,Giordano Cottur,Italie,Italie,Italie,Wilier-Triestina,17,124h 51min 52s,5 days 04:51:52,449512.0,,,33.116,77,4164,19,1948-05-15,1948-06-06,Fausto Coppi,Italie,Ezio Cecchi,Italie,Gino Bartali,Italie,,,,,,,,,,,,
31,32,1949,Fausto Coppi,Gino Bartali,Giordano Cottur,Italie,Italie,Italie,Wilier-Triestina,29,125h 25min 50s,5 days 05:25:50,451550.0,,,32.566,102,4088,19,1949-05-21,1949-06-12,Fausto Coppi,Italie,Gino Bartali,Italie,Alfredo Pasotti,Italie,,,,,,,,,,,,
32,33,1950,Hugo Koblet,Gino Bartali,Alfredo Martini,Suisse,Italie,Italie,Frejus,25,117h 28min 03s,4 days 21:28:03,422883.0,,,33.816,105,3981,18,1950-05-24,1950-06-13,Hugo Koblet,Suisse,Gino Bartali,Italie,Vittorio Rossello,Italie,,,,,,,,,,,,
33,34,1951,Fiorenzo Magni,Rik Van Steenbergen,Ferdi Kübler,Italie,Belgique,Suisse,Taurea,20,121h 11min 37s,5 days 01:11:37,436297.0,,,34.217,98,4153,20,1951-05-19,1951-06-10,Louison Bobet,France,Fausto Coppi,Italie,Alfredo Pasotti,Italie,,,,,,,,,,,,
34,35,1952,Fausto Coppi,Fiorenzo Magni,Ferdi Kübler,Italie,Italie,Suisse,Bianchi,32,114h 36min 43s,4 days 18:36:43,412603.0,,,34.56,112,3964,20,1952-05-17,1952-06-08,Raphaël Géminiani,France,Fausto Coppi,Italie,Gino Bartali,Italie,,,,,,,,,,,,
35,36,1953,Fausto Coppi,Hugo Koblet,Pasquale Fornara,Italie,Suisse,Italie,Ganna-Ursus,33,118h 37min 26s,4 days 22:37:26,427046.0,,,34.02,112,4035,21,1953-05-12,1953-06-02,Pasquale Fornara,Italie,Fausto Coppi,Italie,Gino Bartali,Italie,,,,,,,,,,,,
36,37,1954,Carlo Clerici,Hugo Koblet,Nino Assirelli,Suisse,Suisse,Italie,Girardengo-Eldorado,24,129h 13min 07s,5 days 09:13:07,465187.0,,,33.563,105,4337,22,1954-05-21,1954-06-13,Fausto Coppi,Italie,Giancarlo Astrua,Italie,,,,,,,,,,,,,,
37,38,1955,Fiorenzo Magni,Fausto Coppi,Gastone Nencini,Italie,Italie,Italie,Atala,24,108h 56min 13s,4 days 12:56:13,392173.0,,,35.55,98,3873,21,1955-05-14,1955-06-05,Gastone Nencini,Italie,José Serra Gil,Espagne,Bruno Monti,Italie,7.0,6.0,4.0,,,,,,,,,
38,39,1956,Charly Gaul,Fiorenzo Magni,Agostino Coletto,Luxembourg,Italie,Italie,Atala-Pirelli,24,101h 39min 49s,4 days 05:39:49,365989.0,,,34.677,105,3523,21,1956-05-19,1956-06-10,Federico Bahamontes,Espagne,Bruno Monti,Italie,Giuseppe Buratti,Italie,30.0,13.0,11.0,,,,,,,,,
39,40,1957,Gastone Nencini,Louison Bobet,Ercole Baldini,Italie,France,Italie,Legnano,27,104h 45min 06s,4 days 08:45:06,377106.0,,,37.488,120,3926,21,1957-05-18,1957-06-09,Raphaël Géminiani,France,Charly Gaul,Luxembourg,Louison Bobet,France,58.0,38.0,36.0,,,,,,,,,
40,41,1958,Ercole Baldini,Jean Brankart,Charly Gaul,Italie,Belgique,Luxembourg,Carpano,25,92h 09min 30s,3 days 20:09:30,331770.0,,,36.274,120,3341,20,1958-05-18,1958-06-08,Jean Brankart,Belgique,Ercole Baldini,Italie,Charly Gaul,Luxembourg,56.0,39.0,38.0,,,,,,,,,
41,42,1959,Charly Gaul,Jacques Anquetil,Diego Ronchini,Luxembourg,France,Italie,Atala,27,101h 50min 26s,4 days 05:50:26,366626.0,,,35.909,130,3657,22,1959-05-16,1959-06-07,Charly Gaul,Luxembourg,Imerio Massignan,Italie,Hans Junkermann,Allemagne,560.0,320.0,300.0,,,,,,,,,
42,43,1960,Jacques Anquetil,Gastone Nencini,Charly Gaul,France,Italie,Luxembourg,Ignis,26,94h 04min 54s,3 days 22:04:54,338694.0,,,37.006,140,3481,21,1960-05-19,1960-06-09,Rik Van Looy,Belgique,Imerio Massignan,Italie,Gastone Nencini,Italie,250.0,210.0,190.0,,,,,,,,,
43,44,1961,Arnaldo Pambianco,Jacques Anquetil,Antonio Suárez,Italie,France,Espagne,Faema,25,111h 25min 28s,4 days 15:25:28,401128.0,,,35.964,170,4004,21,1961-05-20,1961-06-11,Vito Taccone,Italie,Gabriel Mas,Espagne,Imerio Massignan,Italie,270.0,130.0,120.0,,,,,,,,,
44,45,1962,Franco Balmamion,Imerio Massignan,Nino Defilippis,Italie,Italie,Italie,Flandria-Faema-Clément,22,123h 07min 03s,5 days 03:07:03,443223.0,,,33.995,130,4180,21,1962-05-19,1962-06-09,Angelino Soler,Espagne,Joseph Carrara,France,Vincenzo Meco,Italie,260.0,100.0,60.0,,,,,,,,,
45,46,1963,Franco Balmamion,Vittorio Adorni,Giorgio Zancanaro,Italie,Italie,Italie,Carpano,23,116h 50min 16s,4 days 20:50:16,420616.0,,,34.774,120,4058,21,1963-05-19,1963-06-09,Vito Taccone,Italie,Giorgio Zancanaro,Italie,Franco Bitossi,Italie,520.0,120.0,100.0,,,,,,,,,
46,47,1964,Jacques Anquetil,Italo Zilioli,Guido De Rosso,France,Italie,Italie,Saint-Raphaël,30,115h 10min 27s,4 days 19:10:27,414627.0,,,35.766,130,4111,22,1964-05-16,1964-06-07,Franco Bitossi,Italie,Antonio Gómez Del Moral,Espagne,Franco Balmanion,Italie,200.0,140.0,110.0,,,,,,,,,
47,48,1965,Vittorio Adorni,Italo Zilioli,Felice Gimondi,Italie,Italie,Italie,Salvarani,28,121h 08min 16s,5 days 01:08:16,436096.0,,,34.27,100,4177,22,1965-05-15,1965-06-06,Franco Bitossi,Italie,Vito Taccone,Italie,Vittorio Adorni,Italie,250.0,160.0,140.0,,,,,,,,,
48,49,1966,Gianni Motta,Italo Zilioli,Jacques Anquetil,Italie,Italie,France,Molteni,23,111h 10min 48s,4 days 15:10:48,400248.0,,,35.744,100,3977,22,1966-05-18,1966-06-09,Franco Bitossi,Italie,Julio Jiménez,Espagne,Gianni Motta,Italie,490.0,320.0,160.0,Gianni Motta,Italie,Rudi Altig,Allemagne,Vito Taccone,Italie,228.0,162.0,152.0
49,50,1967,Felice Gimondi,Franco Balmamion,Jacques Anquetil,Italie,Italie,France,KAS,24,111h 05min 34s,4 days 15:05:34,399934.0,,,35.339,100,3781,22,1967-05-20,1967-06-11,Aurelio González,Espagne,Vittorio Adorni,Italie,Wladimiro Panizza,Italie,630.0,150.0,140.0,Dino Zandegù,Italie,Eddy Merckx,Belgique,Willy Planckaert,Belgique,200.0,178.0,176.0
50,51,1968,Eddy Merckx,Vittorio Adorni,Felice Gimondi,Belgique,Italie,Italie,Faema,23,108h 42min 27s,4 days 12:42:27,391347.0,,,36.035,130,3920,23,1968-05-20,1968-06-12,Eddy Merckx,Belgique,Julio Jiménez,Espagne,Giancarlo Polidori,Italie,340.0,180.0,140.0,Eddy Merckx,Belgique,Franco Bitossi,Italie,Michele Dancelli,Italie,198.0,138.0,134.0
51,52,1969,Felice Gimondi,Claudio Michelotto,Italo Zilioli,Italie,Italie,Italie,Molteni,26,106h 47min 03s,4 days 10:47:03,384423.0,,,36.066,130,4037,23,1969-05-16,1969-06-08,Claudio Michelotto,Italie,Italo Zilioli,Italie,Felice Gimondi,Italie,330.0,250.0,230.0,Franco Bitossi,Italie,Marino Basso,Italie,Michele Dancelli,Italie,182.0,166.0,129.0
52,53,1970,Eddy Merckx,Felice Gimondi,Martin Van Den Bossche,Belgique,Italie,Belgique,Faemino,25,90h 08min 47s,3 days 18:08:47,324527.0,,,36.518,130,3293,20,1970-05-18,1970-06-07,Martin Van Den Bossche,Belgique,Italo Zilioli,Italie,Luciano Armani,Italie,460.0,420.0,300.0,Franco Bitossi,Italie,Michele Dancelli,Italie,Eddy Merckx,Belgique,252.0,241.0,193.0
53,54,1971,Gösta Pettersson,Herman Van Springel,Ugo Colombo,Suède,Belgique,Italie,Molteni,30,97h 24min 03s,4 days 01:24:03,350643.0,,,36.597,100,3621,21,1971-05-20,1971-06-10,José Manuel Fuente,Espagne,Pierfranco Vianelli,Italie,Franco Mori,Italie,360.0,270.0,190.0,Marino Basso,Italie,Patrick Sercu,Belgique,Felice Gimondi,Italie,181.0,148.0,139.0
54,55,1972,Eddy Merckx,José Manuel Fuente,Francisco Galdós,Belgique,Espagne,Espagne,Molteni,27,103h 04min 04s,4 days 07:04:04,371044.0,,,36.12,100,3790,20,1972-05-21,1972-06-11,José Manuel Fuente,Espagne,Eddy Merckx,Belgique,Francisco Galdós,Espagne,490.0,350.0,270.0,Roger De Vlaeminck,Belgique,Eddy Merckx,Belgique,Miguel Maria Lasa,Espagne,264.0,244.0,182.0
55,56,1973,Eddy Merckx,Felice Gimondi,Giovanni Battaglin,Belgique,Italie,Italie,Molteni,28,106h 54min 41s,4 days 10:54:41,384881.0,,,35.506,140,3801,21,1973-05-18,1973-06-09,José Manuel Fuente,Espagne,Eddy Merckx,Belgique,Giovanni Battaglin,Italie,550.0,510.0,180.0,Eddy Merckx,Belgique,Roger De Vlaeminck,Belgique,Felice Gimondi,Italie,237.0,216.0,146.0
56,57,1974,Eddy Merckx,Gianbattista Baronchelli,Felice Gimondi,Belgique,Italie,Italie,KAS,29,113h 08min 13s,4 days 17:08:13,407293.0,,,35.08,140,4001,22,1974-05-16,1974-06-08,José Manuel Fuente,Espagne,Eddy Merckx,Belgique,Santiago Lazcano,Espagne,510.0,330.0,230.0,Roger De Vlaeminck,Belgique,Franco Bitossi,Italie,José Manuel Fuente,Espagne,265.0,209.0,171.0
57,58,1975,Fausto Bertoglio,Francisco Galdós,Felice Gimondi,Italie,Espagne,Italie,Brooklyn,26,111h 31min 24s,4 days 15:31:24,401484.0,,,35.535,90,3933,21,1975-05-17,1975-06-07,Andrés Oliva,Espagne,Francisco Galdós,Espagne,Fausto Bertoglio,Italie,300.0,300.0,240.0,Roger De Vlaeminck,Belgique,Fausto Bertoglio,Italie,Felice Gimondi,Italie,346.0,159.0,154.0
58,59,1976,Felice Gimondi,Johan De Muynck,Fausto Bertoglio,Italie,Belgique,Italie,Brooklyn,33,119h 58min 15s,4 days 23:58:15,431895.0,,,34.691,120,4162,22,1976-05-21,1976-06-12,Andrés Oliva,Espagne,Andrés Gandarias,Espagne,Francesco Moser,Italie,535.0,390.0,279.0,Francesco Moser,Italie,Eddy Merckx,Belgique,Felice Gimondi,Italie,272.0,149.0,143.0
59,60,1977,Michel Pollentier,Francesco Moser,Gianbattista Baronchelli,Belgique,Italie,Italie,Flandria,26,107h 27min 16s,4 days 11:27:16,386836.0,,,36.931999999999995,140,3884,23,1977-05-17,1977-06-12,Faustino Fernández Ovies,Espagne,Ueli Sutter,Suisse,Michel Pollentier,Belgique,675.0,490.0,340.0,Francesco Moser,Italie,Pierino Gavazzi,Italie,Luciano Borgognoni,Italie,225.0,185.0,185.0
60,61,1978,Johan De Muynck,Gianbattista Baronchelli,Francesco Moser,Belgique,Italie,Italie,Bianchi,29,101h 31min 22s,4 days 05:31:22,365482.0,,,35.75,130,3612,23,1978-05-07,1978-05-28,Ueli Sutter,Suisse,Gianbattista Baronchelli,Italie,Claudio Bortolotto,Italie,830.0,520.0,345.0,Francesco Moser,Italie,Giuseppe Saronni,Italie,Gianbattista Baronchelli,Italie,231.0,201.0,134.0
61,62,1979,Giuseppe Saronni,Francesco Moser,Bernt Johansson,Italie,Italie,Suède,Scic-Bottecchia,22,89h 29min 18s,3 days 17:29:18,322158.0,,,36.887,130,3301,20,1979-05-17,1979-06-06,Claudio Bortolotto,Italie,Beat Breu,Suisse,Bernt Johansson,Suède,495.0,330.0,300.0,Giuseppe Saronni,Italie,Francesco Moser,Italie,Bernt Johansson,Suède,275.0,274.0,260.0
62,63,1980,Bernard Hinault,Wladimiro Panizza,Giovanni Battaglin,France,Italie,Italie,Bianchi-Piaggio,25,112h 08min 20s,4 days 16:08:20,403700.0,,,35.897,130,4025,22,1980-05-15,1980-06-07,Claudio Bortolotto,Italie,Wladimiro Panizza,Italie,Bernard Hinault,France,670.0,400.0,350.0,Giuseppe Saronni,Italie,Giovanni Mantovani,Italie,Tommy Prim,Suède,301.0,215.0,179.0
63,64,1981,Giovanni Battaglin,Tommy Prim,Giuseppe Saronni,Italie,Suède,Italie,Bianchi,29,104h 51min 36s,4 days 08:51:36,377496.0,,,37.15,130,3900,22,1981-05-13,1981-06-07,Claudio Bortolotto,Italie,Beat Breu,Suisse,Benedetto Patellaro,Italie,510.0,500.0,290.0,Giuseppe Saronni,Italie,Tommy Prim,Suède,Giovanni Mantovani,Italie,215.0,133.0,127.0
64,65,1982,Bernard Hinault,Tommy Prim,Silvano Contini,France,Suède,Italie,Bianchi,27,110h 07min 55s,4 days 14:07:55,396475.0,,,36.444,162,4004,23,1982-05-13,1982-06-06,Lucien Van Impe,Belgique,Bernard Hinault,France,Silvano Contini,Italie,860.0,380.0,290.0,Francesco Moser,Italie,Giuseppe Saronni,Italie,Bernard Hinault,France,247.0,207.0,171.0
65,66,1983,Giuseppe Saronni,Roberto Visentini,Alberto Fernández,Italie,Italie,Espagne,Zor-Gemeaz Cusin,25,100h 45min 30s,4 days 04:45:30,362730.0,,,38.911,162,3916,23,1983-05-12,1983-06-05,Lucien Van Impe,Belgique,Alberto Fernández,Espagne,Marino Lejarreta,Italie,70.0,43.0,27.0,Giuseppe Saronni,Italie,Moreno Argentin,Italie,Frank Hoste,Belgique,223.0,149.0,139.0
66,67,1984,Francesco Moser,Laurent Fignon,Moreno Argentin,Italie,France,Italie,Renault,32,98h 32min 20s,4 days 02:32:20,354740.0,,,38.681,171,3797,22,1984-05-17,1984-06-10,Laurent Fignon,France,Flavio Zappi,Italie,Moreno Argentin,Italie,53.0,40.0,30.0,Urs Freuler,Suisse,Johan Van Der Velde,Pays-Bas,Francesco Moser,Italie,178.0,172.0,168.0
67,68,1985,Bernard Hinault,Francesco Moser,Greg LeMond,France,Italie,Etats-Unis,Alpilatte-Olmo-Cierre,30,92h 09min 30s,3 days 20:09:30,331770.0,,,37.893,180,3999,22,1985-05-16,1985-06-09,José Luis Navarro,Espagne,Reynel Montoya,Colombie,Rafael Acevedo,Colombie,54.0,47.0,38.0,Johan Van Der Velde,Pays-Bas,Urs Freuler,Suisse,Francesco Moser,Italie,195.0,172.0,140.0
68,69,1986,Roberto Visentini,Giuseppe Saronni,Francesco Moser,Italie,Italie,Italie,Supermercati Brianzoli,29,102h 33min 55s,4 days 06:33:55,369235.0,,,37.615,171,3866,22,1986-05-12,1986-06-02,Pedro Muñoz,Espagne,Gianni Bugno,Italie,Stefano Giuliani,Italie,54.0,35.0,32.0,Guido Bontempi,Italie,Johan Van Der Velde,Pays-Bas,Paolo Rosola,Italie,167.0,148.0,115.0
69,70,1987,Stephen Roche,Robert Millar,Erik Breukink,Irlande,Royaume-Uni,Pays-Bas,Panasonic,27,105h 39min 42s,4 days 09:39:42,380382.0,,,37.045,180,3915,22,1987-05-21,1987-06-13,Robert Millar,Royaume-Uni,Jean-Claude Bagot,France,Johan Van Der Velde,Pays-Bas,97.0,53.0,32.0,Johan Van Der Velde,Pays-Bas,Paolo Rosola,Italie,Stephen Roche,Irlande,175.0,171.0,153.0
70,71,1988,Andrew Hampsten,Erik Breukink,Urs Zimmermann,Etats-Unis,Pays-Bas,Suisse,Carrera,26,97h 18min 56s,4 days 01:18:56,350336.0,,,36.788000000000004,180,3579,21,1988-05-23,1988-06-12,Andrew Hampsten,Etats-Unis,Stefano Giuliani,Italie,Renato Piccolo,Italie,59.0,55.0,49.0,Johan Van Der Velde,Pays-Bas,Rolf Sørensen,Danemark,Andrew Hampsten,Etats-Unis,154.0,131.0,128.0
71,72,1989,Laurent Fignon,Flavio Giupponi,Andrew Hampsten,France,Italie,Etats-Unis,Fagor,28,93h 30min 16s,3 days 21:30:16,336616.0,,,36.512,197,3623,22,1989-05-21,1989-06-11,Luis Herrera,Colombie,Stefano Giuliani,Italie,Henry Cárdenas,Colombie,70.0,38.0,34.0,Giovanni Fidanza,Italie,Laurent Fignon,France,Erik Breukink,Pays-Bas,172.0,139.0,128.0
72,73,1990,Gianni Bugno,Charly Mottet,Marco Giovannetti,Italie,France,Italie,Once,26,91h 51min 08s,3 days 19:51:08,330668.0,,,37.609,198,3464,20,1990-05-18,1990-06-06,Claudio Chiappucci,Italie,Maurizio Vandelli,Italie,Gianni Bugno,Italie,74.0,56.0,48.0,Gianni Bugno,Italie,Phil Anderson,Australie,Mario Cipollini,Italie,195.0,176.0,176.0
73,74,1991,Franco Chioccioli,Claudio Chiappucci,Massimiliano Lelli,Italie,Italie,Italie,Carrera,31,99h 35min 43s,4 days 03:35:43,358543.0,,,36.788000000000004,180,3712,21,1991-05-26,1991-06-16,Iñaki Gastón,Espagne,Claudio Chiappucci,Italie,Franco Chioccioli,Italie,75.0,69.0,57.0,Claudio Chiappucci,Italie,Franco Chioccioli,Italie,Mario Cipollini,Italie,283.0,239.0,191.0
74,75,1992,Miguel Induráin,Claudio Chiappucci,Franco Chioccioli,Espagne,Italie,Italie,GB-MG,27,103h 36min 08s,4 days 07:36:08,372968.0,,,37.092,180,3835,21,1992-05-24,1992-06-14,Claudio Chiappucci,Italie,Roberto Conti,Italie,Miguel Induráin,Espagne,76.0,45.0,35.0,Mario Cipollini,Italie,Miguel Induráin,Espagne,Maximilian Sciandri,Royaume-Uni,236.0,208.0,177.0
75,76,1993,Miguel Induráin,Piotr Ugrumov,Claudio Chiappucci,Espagne,Lettonie,Italie,Lampre,28,98h 09min 44s,4 days 02:09:44,353384.0,,,37.711999999999996,180,3703,21,1993-05-23,1993-06-13,Claudio Chiappucci,Italie,Mariano Piccoli,Italie,Gianluca Bortolami,Italie,42.0,40.0,33.0,Adriano Baffi,Italie,Maurizio Fondriest,Italie,Miguel Induráin,Espagne,228.0,187.0,167.0
76,77,1994,Evgueni Berzin,Marco Pantani,Miguel Induráin,Russie,Italie,Espagne,Carrera,24,100h 41min 21s,4 days 04:41:21,362481.0,,,36.954,153,3738,22,1994-05-22,1994-06-12,Pascal Richard,Suisse,Michele Coppolillo,Italie,Marco Pantani,Italie,78.0,58.0,44.0,Djamolidine Abdoujaparov,Ouzbékistan,Evgueni Berzin,Lettonie,Gianni Bugno,Italie,202.0,182.0,148.0
77,78,1995,Tony Rominger,Evgueni Berzin,Piotr Ugrumov,Suisse,Russie,Lettonie,Gewiss,34,98h 48min 32s,4 days 02:48:32,355712.0,,,38.26,198,3737,22,1995-05-13,1995-06-04,Mariano Piccoli,Italie,Nélson Rodríguez,Colombie,Giuseppe Guerini,Italie,75.0,45.0,43.0,Tony Rominger,Suisse,Rolf Sørensen,Danemark,Evgueni Berzin,Lettonie,205.0,153.0,148.0
78,79,1996,Pavel Tonkov,Enrico Zaina,Abraham Olano,Russie,Italie,Espagne,Carrera Jeans,27,105h 20min 23s,4 days 09:20:23,379223.0,,,37.875,162,3990,22,1996-05-18,1996-06-09,Mariano Piccoli,Italie,Pavel Tonkov,Russie,Ivan Gotti,Italie,69.0,37.0,36.0,Fabrizio Guidi,Italie,Giovanni Lombardi,Italie,Enrico Zaina,Italie,235.0,130.0,120.0
79,80,1997,Ivan Gotti,Pavel Tonkov,Giuseppe Guerini,Italie,Russie,Italie,Kelme,28,102h 53min 58s,4 days 06:53:58,370438.0,,,38.074,180,3912,22,1997-05-17,1997-06-08,José Jaime González,Colombie,Mariano Piccoli,Italie,Roberto Conti,Italie,99.0,35.0,28.0,Mario Cipollini,Italie,Dimitri Konyshev,Russie,Glenn Magnusson,Suède,202.0,146.0,145.0
80,81,1998,Marco Pantani,Pavel Tonkov,Giuseppe Guerini,Italie,Russie,Italie,Mapei-Bricobi,28,98h 48min 32s,4 days 02:48:32,355712.0,,,38.57,162,3811,23,1998-05-16,1998-06-07,Marco Pantani,Italie,José Jaime González,Colombie,Pavel Tonkov,Russie,89.0,62.0,49.0,Mariano Piccoli,Italie,Marco Pantani,Italie,Gian Matteo Fagnini,Italie,194.0,158.0,156.0
81,82,1999,Ivan Gotti,Paolo Savoldelli,Gilberto Simoni,Italie,Italie,Italie,Vitalicio Seguros,30,99h 55min 56s,4 days 03:55:56,359756.0,,,37.595,160,3757,22,1999-05-15,1999-06-06,José Jaime González,Colombie,Mariano Piccoli,Italie,Paolo Bettini,Italie,61.0,45.0,44.0,Laurent Jalabert,France,Fabrizio Guidi,Italie,Massimo Strazzer,Italie,175.0,170.0,126.0
82,83,2000,Stefano Garzelli,Francesco Casagrande,Gilberto Simoni,Italie,Italie,Italie,Mapei,26,98h 30min 14s,4 days 02:30:14,354614.0,,,37.548,180,3712,22,2000-05-13,2000-06-04,Francesco Casagrande,Italie,José Jaime González,Colombie,Stefano Garzelli,Italie,71.0,71.0,47.0,Dimitri Konyshev,Russie,Fabrizio Guidi,Italie,Ján Svorada,République Tchèque,159.0,119.0,116.0
83,84,2001,Gilberto Simoni,Abraham Olano,Unai Osa,Italie,Espagne,Espagne,Alessio,29,89h 02min 58s,3 days 17:02:58,320578.0,,,37.775,198,3364,22,2001-05-19,2001-06-10,Freddy González,Colombie,Gilberto Simoni,Italie,Fortunato Baliani,Italie,73.0,42.0,33.0,Massimo Strazzer,Italie,Danilo Hondo,Allemagne,Mario Cipollini,Italie,177.0,158.0,136.0
84,85,2002,Paolo Savoldelli,Tyler Hamilton,Pietro Caucchioli,Italie,Etats-Unis,Italie,Alessio,29,89h 22min 42s,3 days 17:22:42,321762.0,,,37.567,198,3358,21,2002-05-11,2002-06-02,Julio Alberto Pérez Cuapio,Italie,José Joaquim Castelblanco,Colombie,Pavel Tonkov,Russie,69.0,33.0,25.0,Mario Cipollini,Italie,Massimo Strazzer,Italie,Aitor González,Espagne,184.0,166.0,106.0
85,86,2003,Gilberto Simoni,Stefano Garzelli,Yaroslav Popovych,Italie,Italie,Ukraine,Lampre,31,89h 32min 09s,3 days 17:32:09,322329.0,,,38.917,171,3359,21,2003-05-10,2003-06-01,Freddy González,Colombie,Gilberto Simoni,Italie,Constantino Zaballa,Italie,100.0,78.0,65.0,Gilberto Simoni,Italie,Stefano Garzelli,Italie,Ján Svorada,République Tchèque,154.0,154.0,137.0
86,87,2004,Damiano Cunego,Serhiy Honchar,Gilberto Simoni,Italie,Ukraine,Italie,Saeco,22,88h 40min 43s,3 days 16:40:43,319243.0,,,38.61,169,3435,21,2004-05-08,2004-05-30,Fabian Wegmann,Allemagne,Damiano Cunego,Italie,Gilberto Simoni,Italie,56.0,54.0,36.0,Alessandro Petacchi,Italie,Damiano Cunego,Italie,Olaf Pollack,Allemagne,250.0,153.0,148.0
87,88,2005,Paolo Savoldelli,Gilberto Simoni,José Rujano,Italie,Italie,Colombie,Liquigas,32,91h 25min 51s,3 days 19:25:51,329151.0,,,37.375,197,3498,21,2005-05-07,2005-05-29,José Rujano,Colombie,Iván Parra,Colombie,Gilberto Simoni,Italie,143.0,57.0,45.0,Paolo Bettini,Italie,Alessandro Petacchi,Italie,Danilo Di Luca,Italie,162.0,154.0,136.0
88,89,2006,Ivan Basso,José Enrique Gutiérrez,Gilberto Simoni,Italie,Espagne,Italie,Phonak,28,91h 33min 36s,3 days 19:33:36,329616.0,,,38.294000000000004,198,3526,21,2006-05-06,2006-05-28,Juan Manuel Gárate,Espagne,Ivan Basso,Italie,Fortunato Baliani,Italie,64.0,56.0,52.0,Paolo Bettini,Italie,Ivan Basso,Italie,José Enrique Gutiérrez,Espagne,169.0,158.0,132.0
89,90,2007,Danilo Di Luca,Andy Schleck,Eddy Mazzoleni,Italie,Luxembourg,Italie,Saunier Duval-Prodir,31,92h 59min 39s,3 days 20:59:39,334779.0,,,37.515,198,3442,21,2007-05-12,2007-06-03,Leonardo Piepoli,Italie,Fortunato Baliani,Italie,Danilo Di Luca,Italie,79.0,46.0,45.0,Alessandro Petacchi,Italie,Danilo Di Luca,Italie,Paolo Bettini,Italie,185.0,130.0,120.0
90,91,2008,Alberto Contador,Riccardo Riccò,Marzio Bruseghin,Espagne,Italie,Italie,CSF Group Navigare,25,89h 56min 49s,3 days 17:56:49,323809.0,,,37.817,198,3401,21,2008-05-10,2008-06-01,Emanuele Salla,Italie,Vasil Kiryienka,Biélorussie,Fortunato Baliani,Italie,136.0,63.0,48.0,Daniele Bennati,Italie,Emanuele Sella,Italie,Riccardo Riccò,Italie,189.0,138.0,131.0
91,92,2009,Denis Menchov,Danilo Di Luca,Franco Pellizotti,Russie,Italie,Italie,Astana,31,86h 03min 11s,3 days 14:03:11,309791.0,,,40.191,198,3456,21,2009-05-09,2009-05-31,Stefano Garzelli,Italie,Danilo Di Luca,Italie,Denis Menchov,Russie,61.0,45.0,41.0,Danilo Di Luca,Italie,Denis Menchov,Russie,Franco Pellizotti,Italie,170.0,144.0,133.0
92,93,2010,Ivan Basso,David Arroyo,Vincenzo Nibali,Italie,Espagne,Italie,Liquigas-Doimo,32,87h 44min 01s,3 days 15:44:01,315841.0,,,39.723,198,3485,21,2010-05-08,2010-05-30,Matthew Lloyd,Australie,Ivan Basso,Italie,Johann Tschopp,Suisse,56.0,41.0,38.0,Cadel Evans,Australie,Alexandre Vinokourov,Kazakhstan,Vincenzo Nibali,Italie,150.0,128.0,116.0
93,94,2011,Alberto Contador,Michele Scarponi,Vincenzo Nibali,Espagne,Italie,Italie,Astana,28,84h 05min 14s,3 days 12:05:14,302714.0,,,40.839,207,3434,21,2011-05-07,2011-05-29,Stefano Garzelli,Italie,Alberto Contador,Espagne,José Rujano,Colombie,67.0,58.0,43.0,Alberto Contador,Espagne,Michele Scarponi,Italie,Vincenzo Nibali,Italie,186.0,122.0,121.0
94,95,2012,Ryder Hesjedal,Joaquim Rodríguez,Thomas De Gendt,Canada,Espagne,Belgique,Lampre-ISD,31,91h 39min 02s,3 days 19:39:02,329942.0,,,38.211,198,3502,21,2012-05-05,2012-05-27,Matteo Rabottini,Italie,Stefano Pirazzi,Italie,Andrey Amador,Costa Rica,84.0,44.0,43.0,Joaquim Rodríguez,Espagne,Mark Cavendish,Royaume-Uni,Ryder Hesjedal,Canada,139.0,138.0,113.0
95,96,2013,Vincenzo Nibali,Rigoberto Urán,Cadel Evans,Italie,Colombie,Australie,Sky,28,84h 53min 28s,3 days 12:53:28,305608.0,,,39.354,207,3341,21,2013-05-04,2013-05-26,Stefano Garzelli,Italie,Giovanni Visconti,Italie,Vincenzo Nibali,Italie,82.0,45.0,45.0,Mark Cavendish,Royaume-Uni,Vincenzo Nibali,Italie,Cadel Evans,Australie,158.0,128.0,111.0
96,97,2014,Nairo Quintana,Rigoberto Urán,Fabio Aru,Colombie,Colombie,Italie,AG2R La Mondiale,24,88h 14min 32s,3 days 16:14:32,317672.0,,,39.128,198,3453,21,2014-05-09,2014-06-01,Julián Arredondo,Colombie,Dario Cataldo,Italie,Nairo Quintana,Colombie,173.0,132.0,88.0,Nacer Bouhanni,France,Giacomo Nizzolo,Italie,Roberto Ferrari,Italie,291.0,265.0,186.0
97,98,2015,Alberto Contador,Fabio Aru,Mikel Landa,Espagne,Italie,Espagne,Astana,32,88h 22min 25s,3 days 16:22:25,318145.0,,,39.31,197,3482,21,2015-05-09,2015-05-31,Giovanni Visconti,Italie,Mikel Landa,Espagne,Steven Kruijswijk,Pays-Bas,125.0,122.0,115.0,Giacomo Nizzolo,Italie,Philippe Gilbert,Belgique,Sacha Modolo,Italie,181.0,148.0,147.0
98,99,2016,Vincenzo Nibali,Esteban Chaves,Alejandro Valverde,Italie,Colombie,Espagne,Etixx-Quick Step,31,86h 32min 49s,3 days 14:32:49,311569.0,,,40.014,198,3463,21,2016-05-06,2016-05-29,Mikel Nieve,Espagne,Damiano Cunego,Italie,Darwin Atapuma,Colombie,152.0,134.0,118.0,Giacomo Nizzolo,Italie,Matteo Trentin,Italie,Sacha Modolo,Italie,209.0,184.0,163.0
99,100,2017,Tom Dumoulin,Naira Quitana,Vincenzo Nibali,Pays-Bas,Colombie,Italie,Quick Step Floors,26,90h 34min 54s,3 days 18:34:54,326094.0,,,39.84,195,3609,21,2017-05-05,2017-05-28,Mikel Landa,Espagne,Luis León Sánchez,Espagne,Omar Fraile,Espagne,224.0,118.0,104.0,Fernando Gaviria,Colombie,Jasper Stuyven,Belgique,Sam Bennett,Irlande,325.0,192.0,117.0
100,101,2018,Christopher Froome,Tom Dumoulin,Miguel Ángel López,Royaume-Uni,Pays-Bas,Colombie,Sky,33,89h 02min 39s,3 days 17:02:39,320559.0,,,40.012,176,3563,21,2018-05-04,2018-05-27,Christopher Froome,Royaume-Uni,Giulio Ciccone,Italie,Simon Yates,Royaume-Uni,125.0,108.0,91.0,Elia Viviani,Italie,Sam Bennett,Irlande,Davide Ballerini,Italie,341.0,282.0,147.0
101,102,2019,Richard Carapaz,Vincenzo Nibali,Primož Roglič,Colombie,Italie,Slovénie,Movistar,26,90h 01min 47s,3 days 18:01:47,324107.0,,,38.726,176,3486,21,2019-05-11,2019-06-02,Giulio Ciccone,Italie,Fausto Masnada,Italie,Damiano Caruso,Italie,267.0,115.0,86.0,Pascal Ackermann,Allemagne,Arnaud Démare,France,Damiano Cima,Italie,226.0,213.0,104.0
